,epoch,accuracy
0,1,93.0
1,2,94.67
2,3,95.65
3,4,96.41999999999999
4,5,95.85000000000001
